job_id,encoder,sequence,config,qp,frames_encoded,bitrate_kbps,psnr_y_db,psnr_u_db,psnr_v_db,enc_time_sec
0001_jm_BasketballDrill_AI_QP22,jm,BasketballDrill,AI,22,8,3348.51,41.507,43.828,44.489,9.959
0002_jm_BasketballDrill_AI_QP27,jm,BasketballDrill,AI,27,8,1861.25,37.958,40.912,41.069,7.698
0003_jm_BasketballDrill_AI_QP32,jm,BasketballDrill,AI,32,8,1000.38,35.117,38.167,38.121,6.402
0004_jm_BasketballDrill_AI_QP37,jm,BasketballDrill,AI,37,8,552.24,32.573,36.029,35.748,5.756
0005_jm_BasketballDrill_RA_QP22,jm,BasketballDrill,RA,22,64,5139.77,40.187,42.98,43.492,175.18
0006_jm_BasketballDrill_RA_QP27,jm,BasketballDrill,RA,27,64,2464.89,36.901,40.489,40.474,160.273
0007_jm_BasketballDrill_RA_QP32,jm,BasketballDrill,RA,32,64,1206.99,34.006,38.139,37.841,144.625
0008_jm_BasketballDrill_RA_QP37,jm,BasketballDrill,RA,37,64,636.02,31.434,36.039,35.424,135.068
0009_jm_BlowingBubbles_AI_QP22,jm,BlowingBubbles,AI,22,8,1313.85,41.186,42.401,43.5,2.942
0010_jm_BlowingBubbles_AI_QP27,jm,BlowingBubbles,AI,27,8,775.85,37.015,39.421,40.426,2.351
0011_jm_BlowingBubbles_AI_QP32,jm,BlowingBubbles,AI,32,8,422.21,33.352,37.112,38.061,1.853
0012_jm_BlowingBubbles_AI_QP37,jm,BlowingBubbles,AI,37,8,218.66,30.254,35.159,36.204,1.588
0013_jm_BlowingBubbles_RA_QP22,jm,BlowingBubbles,RA,22,64,2555.53,38.478,41.127,42.496,53.742
0014_jm_BlowingBubbles_RA_QP27,jm,BlowingBubbles,RA,27,64,1132.25,34.866,38.629,39.868,45.453
0015_jm_BlowingBubbles_RA_QP32,jm,BlowingBubbles,RA,32,64,525.09,31.626,36.65,37.778,41.139
0016_jm_BlowingBubbles_RA_QP37,jm,BlowingBubbles,RA,37,64,249.71,28.822,34.801,36.067,38.193
0017_hm_BasketballDrill_AI_QP22,hm,BasketballDrill,AI,22,8,2569.9,41.7686,43.8422,44.4699,7.169
0018_hm_BasketballDrill_AI_QP27,hm,BasketballDrill,AI,27,8,1398.1375,38.4052,41.0687,41.3282,5.788
0019_hm_BasketballDrill_AI_QP32,hm,BasketballDrill,AI,32,8,750.6625,35.4493,38.8457,38.8843,4.927
0020_hm_BasketballDrill_AI_QP37,hm,BasketballDrill,AI,37,8,415.2313,32.8192,37.2121,37.0531,4.356
0021_hm_BasketballDrill_RA_QP22,hm,BasketballDrill,RA,22,64,3286.4188,40.7091,43.3272,43.8151,147.788
0022_hm_BasketballDrill_RA_QP27,hm,BasketballDrill,RA,27,64,1539.9375,37.6108,41.1929,41.2085,121.444
0023_hm_BasketballDrill_RA_QP32,hm,BasketballDrill,RA,32,64,783.4188,34.7656,39.0648,38.8624,106.602
0024_hm_BasketballDrill_RA_QP37,hm,BasketballDrill,RA,37,64,407.5,32.1903,37.0986,36.8218,95.575
0025_hm_BlowingBubbles_AI_QP22,hm,BlowingBubbles,AI,22,8,1147.1063,41.1133,42.4343,43.6072,2.102
0026_hm_BlowingBubbles_AI_QP27,hm,BlowingBubbles,AI,27,8,671.0063,37.1118,39.437,40.5144,1.743
0027_hm_BlowingBubbles_AI_QP32,hm,BlowingBubbles,AI,32,8,371.5438,33.5339,37.3083,38.248,1.418
0028_hm_BlowingBubbles_AI_QP37,hm,BlowingBubbles,AI,37,8,194.65,30.3353,35.8137,36.6879,1.195
0029_hm_BlowingBubbles_RA_QP22,hm,BlowingBubbles,RA,22,64,1648.6688,37.9121,41.1568,42.696,41.326
0030_hm_BlowingBubbles_RA_QP27,hm,BlowingBubbles,RA,27,64,729.4313,34.578,38.8342,40.2367,31.105
0031_hm_BlowingBubbles_RA_QP32,hm,BlowingBubbles,RA,32,64,352.9563,31.7402,36.9091,38.1887,25.759
0032_hm_BlowingBubbles_RA_QP37,hm,BlowingBubbles,RA,37,64,172.6313,29.1437,35.3486,36.4635,22.379
0033_vtm_BasketballDrill_AI_QP22,vtm,BasketballDrill,AI,22,8,2248.2812,42.878,44.6318,45.6811,306.178
0034_vtm_BasketballDrill_AI_QP27,vtm,BasketballDrill,AI,27,8,1189.775,39.6157,42.0136,42.7813,227.188
0035_vtm_BasketballDrill_AI_QP32,vtm,BasketballDrill,AI,32,8,638.975,36.6993,39.7428,40.1718,154.806
0036_vtm_BasketballDrill_AI_QP37,vtm,BasketballDrill,AI,37,8,353.8875,34.0383,38.1731,38.1462,91.208
0037_vtm_BasketballDrill_RA_QP22,vtm,BasketballDrill,RA,22,64,2752.6125,41.7232,44.3023,44.9981,2303.184
0038_vtm_BasketballDrill_RA_QP27,vtm,BasketballDrill,RA,27,64,1305.8563,38.6947,42.0824,42.3856,1643.699
0039_vtm_BasketballDrill_RA_QP32,vtm,BasketballDrill,RA,32,64,655.975,35.8316,40.0206,40.0958,1152.987
0040_vtm_BasketballDrill_RA_QP37,vtm,BasketballDrill,RA,37,64,338.9438,33.2199,38.0585,37.93,729.341
0041_vtm_BlowingBubbles_AI_QP22,vtm,BlowingBubbles,AI,22,8,1095.7313,42.0205,42.9066,44.2352,108.482
0042_vtm_BlowingBubbles_AI_QP27,vtm,BlowingBubbles,AI,27,8,632.3688,37.9863,39.7158,40.8414,89.352
0043_vtm_BlowingBubbles_AI_QP32,vtm,BlowingBubbles,AI,32,8,348.0875,34.4193,37.12,38.1528,68.242
0044_vtm_BlowingBubbles_AI_QP37,vtm,BlowingBubbles,AI,37,8,181.7,31.1716,35.6303,36.6405,47.308
0045_vtm_BlowingBubbles_RA_QP22,vtm,BlowingBubbles,RA,22,64,1419.7438,38.4836,41.6847,43.4181,791.882
0046_vtm_BlowingBubbles_RA_QP27,vtm,BlowingBubbles,RA,27,64,648.1438,35.2824,39.1058,40.6702,580.532
0047_vtm_BlowingBubbles_RA_QP32,vtm,BlowingBubbles,RA,32,64,314.8,32.3737,37.0753,38.4816,394.131
0048_vtm_BlowingBubbles_RA_QP37,vtm,BlowingBubbles,RA,37,64,157.0,29.7605,35.3422,36.6163,246.695
0049_ecm_BasketballDrill_AI_QP22,ecm,BasketballDrill,AI,22,8,1922.9125,43.2586,44.8532,46.2088,2735.739
0050_ecm_BasketballDrill_AI_QP27,ecm,BasketballDrill,AI,27,8,1030.575,40.2145,42.4309,43.3052,2539.227
0051_ecm_BasketballDrill_AI_QP32,ecm,BasketballDrill,AI,32,8,560.8375,37.3377,40.2378,40.8276,1778.425
0052_ecm_BasketballDrill_AI_QP37,ecm,BasketballDrill,AI,37,8,308.4313,34.6251,38.6213,38.9241,1033.903
0053_ecm_BasketballDrill_RA_QP22,ecm,BasketballDrill,RA,22,64,2257.7625,42.2555,44.5553,45.5075,21103.091
0054_ecm_BasketballDrill_RA_QP27,ecm,BasketballDrill,RA,27,64,1088.7062,39.3469,42.4792,42.9357,18154.546
0055_ecm_BasketballDrill_RA_QP32,ecm,BasketballDrill,RA,32,64,560.3687,36.4823,40.6678,40.861,13178.503
0056_ecm_BasketballDrill_RA_QP37,ecm,BasketballDrill,RA,37,64,295.1625,33.8465,38.8177,38.7122,8331.925
0057_ecm_BlowingBubbles_AI_QP22,ecm,BlowingBubbles,AI,22,8,1005.6562,42.1265,42.7551,44.2548,906.495
0058_ecm_BlowingBubbles_AI_QP27,ecm,BlowingBubbles,AI,27,8,580.475,38.237,39.5298,40.8388,972.169
0059_ecm_BlowingBubbles_AI_QP32,ecm,BlowingBubbles,AI,32,8,324.5688,34.7784,36.9335,38.0977,786.11
0060_ecm_BlowingBubbles_AI_QP37,ecm,BlowingBubbles,AI,37,8,171.8813,31.5216,35.3867,36.5218,539.594
0061_ecm_BlowingBubbles_RA_QP22,ecm,BlowingBubbles,RA,22,64,1211.725,38.9164,41.8482,43.6324,7688.635
0062_ecm_BlowingBubbles_RA_QP27,ecm,BlowingBubbles,RA,27,64,562.0813,35.7981,39.3543,40.9046,6673.466
0063_ecm_BlowingBubbles_RA_QP32,ecm,BlowingBubbles,RA,32,64,279.7875,32.8592,37.2898,38.5827,4811.314
0064_ecm_BlowingBubbles_RA_QP37,ecm,BlowingBubbles,RA,37,64,144.6063,30.1755,35.4911,36.6169,3139.008
